time (milliseconds since 1970-01-01),longwave (W/m^2)
1.5050364E12,1.5579499859086354E-6
1.50503646E12,1.509739945504407E-6
1.50503652E12,1.4661400200566277E-6
1.50503658E12,1.4273299484557356E-6
1.50503664E12,1.385810037390911E-6
1.5050367E12,1.342500013379322E-6
1.50503676E12,1.3285599607115728E-6
1.50503682E12,1.2703000038527534E-6
1.50503688E12,1.2132200026826467E-6
1.50503694E12,1.186329996016866E-6
1.505037E12,1.1774000086006708E-6
1.50503706E12,1.1407699957999284E-6
1.50503712E12,1.1543299933691742E-6
1.50503718E12,1.116070052376017E-6
1.50503724E12,1.0510300398891559E-6
1.5050373E12,9.892370371744619E-7
1.50503736E12,9.438430197405978E-7
1.50503742E12,9.120020081354596E-7
1.50503748E12,8.802520028439176E-7
1.50503754E12,8.640209898658213E-7
1.5050376E12,8.432550089310098E-7
1.50503766E12,8.12589973975264E-7
1.50503772E12,7.828750199223578E-7
1.50503778E12,7.576829830213683E-7
1.50503784E12,7.467380100933951E-7
1.5050379E12,7.187870210145775E-7
1.50503796E12,7.016420227046183E-7
1.50503802E12,6.834180226178432E-7
1.50503808E12,6.663220233349421E-7
1.50503814E12,6.543360200339521E-7
1.5050382E12,6.504009775198938E-7
1.50503826E12,6.423509830710827E-7
1.50503832E12,6.284529945332906E-7
1.50503838E12,6.181080038913933E-7
1.50503844E12,6.117759880908125E-7
1.5050385E12,6.012829771862016E-7
1.50503856E12,5.886669782739773E-7
1.50503862E12,5.782169978374441E-7
1.50503868E12,5.741459858654707E-7
1.50503874E12,5.694299716196838E-7
1.5050388E12,5.626579877571203E-7
1.50503886E12,5.55421991066396E-7
1.50503892E12,5.514169743037201E-7
1.50503898E12,5.451100264508568E-7
1.50503904E12,5.387769874687365E-7
1.5050391E12,5.315409907780122E-7
1.50503916E12,5.318299827195005E-7
1.50503922E12,5.31449984464416E-7
1.50503928E12,5.328070074028801E-7
1.50503934E12,5.29294993611984E-7
1.5050394E12,5.243040277491673E-7
1.50503946E12,5.261139790491143E-7
1.50503952E12,5.271959935271298E-7
1.50503958E12,5.285559723233746E-7
1.50503964E12,5.294600100569369E-7
1.5050397E12,5.327170242708235E-7
1.50503976E12,5.511549829861906E-7
1.50503982E12,5.813830057377345E-7
1.50503988E12,6.187410122038273E-7
1.50503994E12,6.497019739981624E-7
1.50504E12,6.787140023334359E-7
1.50504006E12,7.082030037963705E-7
1.50504012E12,7.539740067841194E-7
1.50504018E12,8.067469821071427E-7
1.50504024E12,8.569140277359111E-7
1.5050403E12,9.012380246531393E-7
1.50504036E12,9.447289812669624E-7
1.50504042E12,9.65372009886778E-7
1.50504048E12,9.812019925448112E-7
1.50504054E12,9.967569667423959E-7
1.5050406E12,9.98388031803188E-7
1.50504066E12,9.872619557427242E-7
1.50504072E12,9.77582999439619E-7
1.50504078E12,9.581949598214123E-7
1.50504084E12,9.439330028726545E-7
1.5050409E12,9.438430197405978E-7
1.50504096E12,9.267159839509986E-7
1.50504102E12,9.207760172103008E-7
1.50504108E12,9.905189699566108E-7
1.50504114E12,9.532109856991156E-7
1.5050412E12,9.829200280364603E-7
1.50504126E12,1.0287800478181452E-6
1.50504132E12,1.068670030690555E-6
1.50504138E12,1.1116600262539578E-6
1.50504144E12,1.1524399496920523E-6
1.5050415E12,1.1944999869228923E-6
1.50504156E12,1.2193800102977548E-6
1.50504162E12,1.22904998534068E-6
1.50504168E12,1.239910034200875E-6
1.50504174E12,1.2464900009945268E-6
1.5050418E12,1.243159999830823E-6
1.50504186E12,1.2440699492799467E-6
1.50504192E12,1.2536600024759537E-6
1.50504198E12,1.2611800457307254E-6
1.50504204E12,1.2722000519715948E-6
1.5050421E12,1.2740999864035985E-6
1.50504216E12,1.2603900358953979E-6
1.50504222E12,1.2565500355776749E-6
1.50504228E12,1.242170014847943E-6
1.50504234E12,1.2309500334595214E-6
1.5050424E12,1.2061799452567357E-6
1.50504246E12,1.1845500011986587E-6
1.50504252E12,1.1623900491031236E-6
1.50504258E12,1.1378899671399267E-6
1.50504264E12,1.1130000530101825E-6
1.5050427E12,1.092639990929456E-6
1.50504276E12,1.068630012923677E-6
1.50504282E12,1.046779971147771E-6
1.50504288E12,1.028149995363492E-6
1.50504294E12,1.016750047710957E-6
1.505043E12,9.989430509449448E-7
1.50504306E12,9.79120954980317E-7
1.50504312E12,9.605770401321934E-7
1.50504318E12,9.425430107512511E-7
1.50504324E12,9.278319907934929E-7
1.5050433E12,9.078410130314296E-7
1.50504336E12,8.873680030774267E-7
1.50504342E12,8.650549716548994E-7
1.50504348E12,8.447020150015305E-7
1.50504354E12,8.260680033345125E-7
1.5050436E12,8.117310130728583E-7
1.50504366E12,7.971220270519552E-7
1.50504372E12,7.856339721001859E-7
1.50504378E12,7.795520104991738E-7
1.50504384E12,7.72517978475662E-7
1.5050439E12,7.607579846080625E-7
1.50504396E12,7.52096013911796E-7
1.50504402E12,7.303650022549846E-7
1.50504408E12,7.148969984882569E-7
1.50504414E12,7.101929782038496E-7
1.5050442E12,7.005049837971455E-7
1.50504426E12,6.892980195516429E-7
1.50504432E12,6.821509828114358E-7
1.50504438E12,6.753219849997549E-7
1.50504444E12,6.722009970872023E-7
1.5050445E12,6.62161028230912E-7
1.50504456E12,6.676780230918666E-7
1.50504462E12,6.792570275138132E-7
1.50504468E12,6.927350000296428E-7
1.50504474E12,6.99518977853586E-7
1.5050448E12,7.250760063470807E-7
1.50504486E12,7.226760203593585E-7
1.50504492E12,7.268370154633885E-7
1.50504498E12,7.352189754783467E-7
1.50504504E12,7.526169838456553E-7
1.5050451E12,8.013739716261625E-7
1.50504516E12,8.94543973117834E-7
1.50504522E12,8.773120043770177E-7
1.50504528E12,8.440690066890966E-7
1.50504534E12,8.572760066272167E-7
1.5050454E12,8.62972001414164E-7
1.50504546E12,8.209120210267429E-7
1.50504552E12,7.923280236354913E-7
1.50504558E12,7.664360168746498E-7
1.50504564E12,7.527979732913082E-7
1.5050457E12,7.458330060217122E-7
1.50504576E12,7.824680210433144E-7
1.50504582E12,8.908650102057436E-7
1.50504588E12,9.643770226830384E-7
1.50504594E12,1.0214499752692063E-6
1.505046E12,1.0680199693524628E-6
1.50504606E12,1.0458800261403667E-6
1.50504612E12,9.908800393532147E-7
1.50504618E12,9.715739679450053E-7
1.50504624E12,9.556019904266577E-7
1.5050463E12,9.526169719720201E-7
1.50504636E12,9.428479756934394E-7
1.50504642E12,9.33887008613965E-7
1.50504648E12,9.294599863096664E-7
1.50504654E12,9.207760172103008E-7
1.5050466E12,8.970740168479097E-7
1.50504666E12,8.72833993526001E-7
1.50504672E12,8.622509994893335E-7
1.50504678E12,1.0423500498291105E-6
1.50504684E12,1.4932500107533997E-6
1.5050469E12,1.2405399729686906E-6
1.50504696E12,9.922370054482599E-7
1.50504702E12,8.865810059432988E-7
1.50504708E12,9.129070122071425E-7
1.50504714E12,9.445669775232091E-7
1.5050472E12,9.55222049014992E-7
1.50504726E12,9.82648998615332E-7
1.50504732E12,1.0318600516256993E-6
1.50504738E12,1.1100099754912662E-6
1.50504744E12,1.2376599443086889E-6
1.5050475E12,1.3688099897990469E-6
1.50504756E12,1.5186100199571229E-6
1.50504762E12,1.6419900248365593E-6
1.50504768E12,1.726200025586877E-6
1.50504774E12,1.7815599449022557E-6
1.5050478E12,1.840310005718493E-6
1.50504786E12,1.8639700556377647E-6
1.50504792E12,1.8678599644772476E-6
1.50504798E12,1.8760899820335908E-6
1.50504804E12,1.8891900026574149E-6
1.5050481E12,1.8864000139728887E-6
1.50504816E12,1.8755499695544131E-6
1.50504822E12,1.8679400000110036E-6
1.50504828E12,1.8542899624662823E-6
1.50504834E12,1.8392699985270156E-6
1.5050484E12,1.8382900179858552E-6
1.50504846E12,1.8179299559051287E-6
1.50504852E12,1.7945000081454054E-6
1.50504858E12,1.7679000166026526E-6
1.50504864E12,1.7350299685858772E-6
1.5050487E12,1.7012399666782585E-6
1.50504876E12,1.6722899545129621E-6
1.50504882E12,1.648549982746772E-6
1.50504888E12,1.6238100215559825E-6
1.50504894E12,1.5940499906719197E-6
1.505049E12,1.569439973536646E-6
1.50504906E12,1.553849983793043E-6
1.50504912E12,1.535429987598036E-6
1.50504918E12,1.5187899862212362E-6
1.50504924E12,1.5066300420585321E-6
1.5050493E12,1.4953600384615129E-6
1.50504936E12,1.490289946559642E-6
1.50504942E12,1.4737499896000372E-6
1.50504948E12,1.4620700312661938E-6
1.50504954E12,1.456460040571983E-6
1.5050496E12,1.4521200455419603E-6
1.50504966E12,1.4450699836743297E-6
1.50504972E12,1.4344800547405612E-6
1.50504978E12,1.4324899666462443E-6
1.50504984E12,1.4257500424719183E-6
1.5050499E12,1.4308600384538295E-6
1.50504996E12,1.5154399761740933E-6
1.50505002E12,1.9023899540115963E-6
1.50505008E12,1.8898399503086694E-6
1.50505014E12,1.571699954183714E-6
1.5050502E12,1.4545599924531416E-6
1.50505026E12,1.410439949722786E-6
1.50505032E12,1.3842800399288535E-6
1.50505038E12,1.3678100003744476E-6
1.50505044E12,1.3497600548362243E-6
1.5050505E12,1.326479946328618E-6
1.50505056E12,1.30902003547817E-6
1.50505062E12,1.2855799695898895E-6
1.50505068E12,1.2875799484390882E-6
1.50505074E12,1.3339799806999508E-6
1.5050508E12,1.2984299928575638E-6
1.50505086E12,1.2344199831204605E-6
1.50505092E12,1.1860900031024357E-6
1.50505098E12,1.157680003416317E-6
1.50505104E12,1.1407699957999284E-6
1.5050511E12,1.1179699868080206E-6
1.50505116E12,1.0918299722106894E-6
1.50505122E12,1.0736499689301127E-6
1.50505128E12,1.055610027833609E-6
1.50505134E12,1.0392700460215565E-6
1.5050514E12,1.0242599728371715E-6
1.50505146E12,1.010919959298917E-6
1.50505152E12,9.990219496103236E-7
1.50505158E12,9.872619557427242E-7
1.50505164E12,9.76120986706519E-7
1.5050517E12,9.622959851185442E-7
1.50505176E12,9.512600058769749E-7
1.50505182E12,9.385059911437565E-7
1.50505188E12,9.261920013159397E-7
1.50505194E12,9.177909987556632E-7
1.505052E12,9.025039844345883E-7
1.50505206E12,8.803719993011327E-7
1.50505212E12,8.659599757265823E-7
1.50505218E12,8.552859753763187E-7
1.50505224E12,8.419859796049423E-7
1.5050523E12,8.245299909503956E-7
1.50505236E12,8.139469969137281E-7
1.50505242E12,8.016450010472909E-7
1.50505248E12,7.827879926480819E-7
1.50505254E12,7.663670089641528E-7
1.5050526E12,7.508990051974251E-7
1.50505266E12,7.448380188179726E-7
1.50505272E12,7.67451979299949E-7
1.50505278E12,7.756839863759524E-7
1.50505284E12,7.541070203842537E-7
1.5050529E12,7.345259973590146E-7
1.50505296E12,7.165249940044305E-7
1.50505302E12,7.152589773795626E-7
1.50505308E12,7.094240004335006E-7
1.50505314E12,7.051280022096762E-7
1.5050532E12,7.281939815584337E-7
1.50505326E12,7.898700005171122E-7
1.50505332E12,1.0491299917703145E-6
1.50505338E12,1.6238999478446203E-6
1.50505344E12,1.0029999657490407E-6
1.5050535E12,7.68535016959504E-7
1.50505356E12,6.9671500568802E-7
1.50505362E12,6.728340053996362E-7
1.50505368E12,6.573969812961877E-7
1.50505374E12,6.456069741034298E-7
1.5050538E12,6.330329824777436E-7
1.50505386E12,6.274040060816333E-7
1.50505392E12,6.180180207593367E-7
1.50505398E12,6.197359994075669E-7
1.50505404E12,6.201889846124686E-7
1.5050541E12,6.117520001680532E-7
1.50505416E12,6.085199970584654E-7
1.50505422E12,5.995639753564319E-7
1.50505428E12,5.893670049772481E-7
1.50505434E12,5.833729801452137E-7
1.5050544E12,5.810210268464289E-7
1.50505446E12,5.725780169996142E-7
1.50505452E12,5.64104993827641E-7
1.50505458E12,5.621150194201618E-7
1.50505464E12,5.559639930652338E-7
1.5050547E12,5.536909952752467E-7
1.50505476E12,5.500850193129736E-7
1.50505482E12,5.513509790944227E-7
1.50505488E12,5.474830118146201E-7
1.50505494E12,5.450190201372607E-7
1.505055E12,5.396819915404194E-7
1.50505506E12,5.266709877105313E-7
1.50505512E12,5.158020144335751E-7
1.50505518E12,5.137209768690809E-7
1.50505524E12,5.065750201538322E-7
1.5050553E12,5.03149976793793E-7
1.50505536E12,5.017810167373682E-7
1.50505542E12,4.971669795850175E-7
1.50505548E12,4.874980277236318E-7
1.50505554E12,4.852270194533048E-7
1.5050556E12,4.78895003652724E-7
1.50505566E12,4.763049901157501E-7
1.50505572E12,4.726539941657393E-7
1.50505578E12,4.786239742315956E-7
1.50505584E12,5.028659870731644E-7
1.5050559E12,5.143419912201352E-7
1.50505596E12,5.330790031621291E-7
1.50505602E12,5.08926973452617E-7
1.50505608E12,4.812890210814658E-7
1.50505614E12,4.7301500671892427E-7
1.5050562E12,4.7147798909463745E-7
1.50505626E12,4.706639913365507E-7
1.50505632E12,4.719329922409088E-7
1.50505638E12,4.7084398602237343E-7
1.50505644E12,4.684019927481131E-7
1.5050565E12,4.6336398895618913E-7
1.50505656E12,4.590849869146041E-7
1.50505662E12,4.6017100885364925E-7
1.50505668E12,4.6283901156130014E-7
1.50505674E12,4.589039974689513E-7
1.5050568E12,4.579090102652117E-7
1.50505686E12,4.857699877902633E-7
1.50505692E12,5.671569738296967E-7
1.50505698E12,5.639250275635277E-7
1.50505704E12,5.727890197704255E-7
1.5050571E12,7.7867798609077E-7
1.50505716E12,1.0482300467629102E-6
1.50505722E12,6.991569989622803E-7
1.50505728E12,5.274579848446592E-7
1.50505734E12,4.950870220454817E-7
1.5050574E12,4.834179776480596E-7
1.50505746E12,4.742819896819128E-7
1.50505752E12,4.659000012452452E-7
1.50505758E12,4.56824011507706E-7
1.50505764E12,4.536580036074156E-7
1.5050577E12,4.6074001147644594E-7
1.50505776E12,4.815179863726371E-7
1.50505782E12,5.272900125419255E-7
1.50505788E12,7.122220040400862E-7
1.50505794E12,1.3243900411907816E-6
1.505058E12,2.275729912071256E-6
1.50505806E12,2.819459950842429E-6
1.50505812E12,3.028110086233937E-6
1.50505818E12,3.0404501103475923E-6
1.50505824E12,3.2053499126050156E-6
1.5050583E12,3.7655099731637165E-6
1.50505836E12,4.868039923167089E-6
1.50505842E12,6.327879873424536E-6
1.50505848E12,8.514940418535843E-6
1.50505854E12,1.268659980269149E-5
1.5050586E12,1.980480010388419E-5
1.50505866E12,3.0644700018456206E-5
1.50505872E12,4.5186199713498354E-5
1.50505878E12,6.777780072297901E-5
1.50505884E12,1.1134899978060275E-4
1.5050589E12,1.7615700198803097E-4
1.50505896E12,2.674380084499717E-4
1.50505902E12,3.772320051211864E-4
1.50505908E12,4.904689849354327E-4
1.50505914E12,5.941200070083141E-4
1.5050592E12,6.710410234518349E-4
1.50505926E12,7.247449830174446E-4
1.50505932E12,7.673529908061028E-4
1.50505938E12,7.984300027601421E-4
1.50505944E12,8.182880119420588E-4
1.5050595E12,8.234939887188375E-4
1.50505956E12,8.280830224975944E-4
1.50505962E12,8.166090119630098E-4
1.50505968E12,8.013480110093951E-4
1.50505974E12,7.849030080251396E-4
1.5050598E12,7.614840287715197E-4
1.50505986E12,7.446479867212474E-4
1.50505992E12,7.298800046555698E-4
1.50505998E12,7.160499808378518E-4
1.50506004E12,7.020860211923718E-4
1.5050601E12,6.858740234747529E-4
1.50506016E12,6.671450100839138E-4
1.50506022E12,6.475539994426072E-4
1.50506028E12,6.277199718169868E-4
1.50506034E12,6.073159747757018E-4
1.5050604E12,5.903569981455803E-4
1.50506046E12,5.721090128645301E-4
1.50506052E12,5.535359960049391E-4
1.50506058E12,5.371019942685962E-4
1.50506064E12,5.202490137889981E-4
1.5050607E12,5.014570197090507E-4
1.50506076E12,4.846969968639314E-4
1.50506082E12,4.67253994429484E-4
1.50506088E12,4.507839912548661E-4
1.50506094E12,4.346329951658845E-4
1.505061E12,4.1915199835784733E-4
1.50506106E12,4.0470200474373996E-4
1.50506112E12,3.919159935321659E-4
1.50506118E12,3.775100049097091E-4
1.50506124E12,3.6326798726804554E-4
1.5050613E12,3.501210012473166E-4
1.50506136E12,3.3752599847503006E-4
1.50506142E12,3.259090008214116E-4
1.50506148E12,3.148200048599392E-4
1.50506154E12,3.045499906875193E-4
1.5050616E12,2.9432898736558855E-4
1.50506166E12,2.843970141839236E-4
1.50506172E12,2.750160056166351E-4
1.50506178E12,2.654659911058843E-4
1.50506184E12,2.568950003478676E-4
1.5050619E12,2.4855899391695857E-4
1.50506196E12,2.4085899349302053E-4
1.50506202E12,2.3347200476564467E-4
1.50506208E12,2.2632500622421503E-4
1.50506214E12,2.1870099590159953E-4
1.5050622E12,2.116029936587438E-4
1.50506226E12,2.048820024356246E-4
1.50506232E12,1.989879965549335E-4
1.50506238E12,1.946059928741306E-4
1.50506244E12,1.8908899801317602E-4
1.5050625E12,1.8329700105823576E-4
1.50506256E12,1.773389958543703E-4
1.50506262E12,1.732319942675531E-4
1.50506268E12,1.683750015217811E-4
1.50506274E12,1.643029972910881E-4
1.5050628E12,1.602929987711832E-4
1.50506286E12,1.5621799684595317E-4
1.50506292E12,1.5271900338120759E-4
1.50506298E12,1.491330040153116E-4
1.50506304E12,1.45725003676489E-4
1.5050631E12,1.4311299310065806E-4
1.50506316E12,1.4022500545252115E-4
1.50506322E12,1.3709699851460755E-4
1.50506328E12,1.3434499851427972E-4
1.50506334E12,1.3136700727045536E-4
1.5050634E12,1.2840300041716546E-4
1.50506346E12,1.2611999409273267E-4
1.50506352E12,1.2431299546733499E-4
1.50506358E12,1.223800063598901E-4
1.50506364E12,1.202040002681315E-4
1.5050637E12,1.1790500138886273E-4
1.50506376E12,1.1599600111367181E-4
1.50506382E12,1.137630024459213E-4
1.50506388E12,1.1186899791937321E-4
1.50506394E12,1.1063599959015846E-4
1.505064E12,1.0832599946297705E-4
1.50506406E12,1.067810007953085E-4
1.50506412E12,1.0557899804553017E-4
1.50506418E12,1.0420200123917311E-4
1.50506424E12,1.0277100227540359E-4
1.5050643E12,1.0118199861608446E-4
1.50506436E12,9.955390123650432E-5
1.50506442E12,9.820459672482684E-5
1.50506448E12,9.74490976659581E-5
1.50506454E12,9.635419701226056E-5
1.5050646E12,9.501900058239698E-5
1.50506466E12,9.391039930051193E-5
1.50506472E12,9.275109914597124E-5
1.50506478E12,9.196260361932218E-5
1.50506484E12,9.13558978936635E-5
1.5050649E12,8.998240082291886E-5
1.50506496E12,8.909030293580145E-5
1.50506502E12,8.76479025464505E-5
1.50506508E12,8.673030242789537E-5
1.50506514E12,8.629030344309285E-5
1.5050652E12,8.490990148857236E-5
1.50506526E12,8.41525979922153E-5
1.50506532E12,8.305849769385532E-5
1.50506538E12,8.268540113931522E-5
1.50506544E12,8.195269765565172E-5
1.5050655E12,8.095840166788548E-5
1.50506556E12,8.025480201467872E-5
1.50506562E12,7.951729639898986E-5
1.50506568E12,7.84919029683806E-5
1.50506574E12,7.786520291119814E-5
1.5050658E12,7.730870129307732E-5
1.50506586E12,7.670949707971886E-5
1.50506592E12,7.603869744343683E-5
1.50506598E12,7.538570207543671E-5
1.50506604E12,7.490110147045925E-5
1.5050661E12,7.43670025258325E-5
1.50506616E12,7.358579750871286E-5
1.50506622E12,7.311000081244856E-5
1.50506628E12,7.208169699879363E-5
1.50506634E12,7.131179881980643E-5
1.5050664E12,7.084580283844844E-5
1.50506646E12,7.019229815341532E-5
1.50506652E12,6.914300320204347E-5
1.50506658E12,6.815959932282567E-5
1.50506664E12,6.759579991921782E-5
1.5050667E12,6.697270146105438E-5
1.50506676E12,6.638759805355221E-5
1.50506682E12,6.54046016279608E-5
1.50506688E12,6.471280357800424E-5
1.50506694E12,6.386169843608513E-5
1.505067E12,6.295079947449267E-5
1.50506706E12,6.216260226210579E-5
1.50506712E12,6.154600123409182E-5
1.50506718E12,6.094179843785241E-5
1.50506724E12,6.024779941071756E-5
1.5050673E12,5.9245499869575724E-5
1.50506736E12,5.847850115969777E-5
1.50506742E12,5.782609878224321E-5
1.50506748E12,5.696820153389126E-5
1.50506754E12,5.644069824484177E-5
1.5050676E12,5.567570042330772E-5
1.50506766E12,5.4805899708298966E-5
1.50506772E12,5.4077201639302075E-5
1.50506778E12,5.366390178096481E-5
1.50506784E12,5.3401301556732506E-5
1.5050679E12,5.2930899983039126E-5
1.50506796E12,5.255610085441731E-5
1.50506802E12,5.203179898671806E-5
1.50506808E12,5.1386701670708135E-5
1.50506814E12,5.1123199227731675E-5
1.5050682E12,5.0690101488726214E-5
1.50506826E12,5.0500901124905795E-5
1.50506832E12,5.030259853811003E-5
1.50506838E12,4.941629958921112E-5
1.50506844E12,4.9385798774892464E-5
1.5050685E12,4.918749982607551E-5
1.50506856E12,4.897909821011126E-5
1.50506862E12,4.851670018979348E-5
1.50506868E12,4.798040026798844E-5
1.50506874E12,4.7654801164753735E-5
1.5050688E12,4.741419979836792E-5
1.50506886E12,4.7098299546632916E-5
1.50506892E12,4.675529999076389E-5
1.50506898E12,4.64076001662761E-5
1.50506904E12,4.6091699914541095E-5
1.5050691E12,4.557930151349865E-5
1.50506916E12,4.520010043052025E-5
1.50506922E12,4.502179945120588E-5
1.50506928E12,4.4894000893691555E-5
1.50506934E12,4.4543099647853523E-5
1.5050694E12,4.410259862197563E-5
1.50506946E12,4.3607400584733114E-5
1.50506952E12,4.316449849284254E-5
1.50506958E12,4.293509846320376E-5
1.50506964E12,4.2519601265667006E-5
1.5050697E12,4.212819840176962E-5
1.50506976E12,4.179459938313812E-5
1.50506982E12,4.1331099055241793E-5
1.50506988E12,4.1092000174103305E-5
1.50506994E12,4.0747501770965755E-5
1.50507E12,4.033570075989701E-5
1.50507006E12,4.009549957117997E-5
1.50507012E12,3.971270052716136E-5
1.50507018E12,3.9238700992427766E-5
1.50507024E12,3.87463005608879E-5
1.5050703E12,3.839339842670597E-5
1.50507036E12,3.811479837168008E-5
1.50507042E12,3.7777499528601766E-5
1.50507048E12,3.733329867827706E-5
1.50507054E12,3.7046200304757804E-5
1.5050706E12,3.6686200473923236E-5
1.50507066E12,3.6353299947222695E-5
1.50507072E12,3.605219899327494E-5
1.50507078E12,3.566619852790609E-5
1.50507084E12,3.5084598493995145E-5
1.5050709E12,3.480140003375709E-5
1.50507096E12,3.4515600418671966E-5
1.50507102E12,3.4079701435985044E-5
1.50507108E12,3.362220013514161E-5
1.50507114E12,3.325819852761924E-5
1.5050712E12,3.311509863124229E-5
1.50507126E12,3.2810999982757494E-5
1.50507132E12,3.2394498703069985E-5
1.50507138E12,3.2013500458560884E-5
1.50507144E12,3.1703100830782205E-5
1.5050715E12,3.153990110149607E-5
1.50507156E12,3.1130999559536576E-5
1.50507162E12,3.060169910895638E-5
1.50507168E12,3.0228999094106257E-5
1.50507174E12,2.995690010720864E-5
1.5050718E12,2.969130036944989E-5
1.50507186E12,2.9373299184953794E-5
1.50507192E12,2.9080900276312605E-5
1.50507198E12,2.8746999305440113E-5
1.50507204E12,2.8471200494095683E-5
1.5050721E12,2.8259599275770597E-5
1.50507216E12,2.797190063574817E-5
1.50507222E12,2.7681100618792698E-5
1.50507228E12,2.740889976848848E-5
1.50507234E12,2.7104599212179892E-5
1.5050724E12,2.6840800273930654E-5
1.50507246E12,2.6568499379209243E-5
1.50507252E12,2.6309700842830352E-5
1.50507258E12,2.6035400878754444E-5
1.50507264E12,2.5814100808929652E-5
1.5050727E12,2.5571600417606533E-5
1.50507276E12,2.5328399715363048E-5
1.50507282E12,2.5124300009338185E-5
1.50507288E12,2.4883000151021406E-5
1.50507294E12,2.465760007908102E-5
1.505073E12,2.4409400793956593E-5
1.50507306E12,2.4136199499480426E-5
1.50507312E12,2.395490082562901E-5
1.50507318E12,2.3859800421632826E-5
1.50507324E12,2.3640999643248506E-5
1.5050733E12,2.3454900656361133E-5
1.50507336E12,2.3256199710885994E-5
1.50507342E12,2.2964899471844546E-5
1.50507348E12,2.277970088471193E-5
1.50507354E12,2.2638600057689473E-5
1.5050736E12,2.2464599169325083E-5
1.50507366E12,2.226009928563144E-5
1.50507372E12,2.2065800294512883E-5
1.50507378E12,2.193629916291684E-5
1.50507384E12,2.1796999135403894E-5
1.5050739E12,2.1643600121024065E-5
1.50507396E12,2.1412399291875772E-5
1.50507402E12,2.1220199414528906E-5
1.50507408E12,2.1103800463606603E-5
1.50507414E12,2.0993400539737195E-5
1.5050742E12,2.0876499547739513E-5
1.50507426E12,2.0779199985554442E-5
1.50507432E12,2.0614899767679162E-5
1.50507438E12,2.0450999727472663E-5
1.50507444E12,2.0300700271036476E-5
1.5050745E12,2.01184993784409E-5
1.50507456E12,1.995089951378759E-5
1.50507462E12,1.9765000615734607E-5
1.50507468E12,1.961029920494184E-5
1.50507474E12,1.9600300220190547E-5
1.5050748E12,1.9561999579309486E-5
1.50507486E12,1.940500078490004E-5
1.50507492E12,1.9254799553891644E-5
1.50507498E12,1.9100600184174255E-5
1.50507504E12,1.8990800526808016E-5
1.5050751E12,1.888350016088225E-5
1.50507516E12,1.87660007213708E-5
1.50507522E12,1.8822400306817144E-5
1.50507528E12,1.8777500372380018E-5
1.50507534E12,1.8645099771674722E-5
1.5050754E12,1.85271001100773E-5
1.50507546E12,1.836159935919568E-5
1.50507552E12,1.8194599761045538E-5
1.50507558E12,1.8081400412484072E-5
1.50507564E12,1.7925800420925952E-5
1.5050757E12,1.776509998308029E-5
1.50507576E12,1.7674999980954453E-5
1.50507582E12,1.763420004863292E-5
1.50507588E12,1.7508500604890287E-5
1.50507594E12,1.7303800632362254E-5
1.505076E12,1.7135200323536992E-5
1.50507606E12,1.703670022834558E-5
1.50507612E12,1.6920299458433874E-5
1.50507618E12,1.678889930190053E-5
1.50507624E12,1.666269963607192E-5
1.5050763E12,1.654699917708058E-5
1.50507636E12,1.645640077185817E-5
1.50507642E12,1.6389800293836743E-5
1.50507648E12,1.626959965506103E-5
1.50507654E12,1.608340062375646E-5
1.5050766E12,1.5921299564070068E-5
1.50507666E12,1.5813899153727107E-5
1.50507672E12,1.5680299839004874E-5
1.50507678E12,1.5545399946859106E-5
1.50507684E12,1.545710074424278E-5
1.5050769E12,1.5314999473048374E-5
1.50507696E12,1.520529986009933E-5
1.50507702E12,1.5109199921425898E-5
1.50507708E12,1.4985499547037762E-5
1.50507714E12,1.486590008425992E-5
1.5050772E12,1.4800200005993247E-5
1.50507726E12,1.4759500118088908E-5
1.50507732E12,1.4681700122309849E-5
1.50507738E12,1.4510999790218193E-5
1.50507744E12,1.4339500012283679E-5
1.5050775E12,1.4239600204746239E-5
1.50507756E12,1.412799974787049E-5
1.50507762E12,1.4071199984755367E-5
1.50507768E12,1.4025699783815071E-5
1.50507774E12,1.39026997203473E-5
1.5050778E12,1.3760000001639128E-5
1.50507786E12,1.3627700354845729E-5
1.50507792E12,1.3513899830286391E-5
1.50507798E12,1.3404100172920153E-5
1.50507804E12,1.3304400454217102E-5
1.5050781E12,1.3204599781602155E-5
1.50507816E12,1.3115000001562294E-5
1.50507822E12,1.30654998429236E-5
1.50507828E12,1.300510029977886E-5
1.50507834E12,1.2891799997305498E-5
1.5050784E12,1.2797499948646873E-5
1.50507846E12,1.2690100447798613E-5
1.50507852E12,1.2579799658851698E-5
1.50507858E12,1.2473499737097882E-5
1.50507864E12,1.2416299796313979E-5
1.5050787E12,1.2357900232018437E-5
1.50507876E12,1.2271199921087828E-5
1.50507882E12,1.214500025525922E-5
1.50507888E12,1.2040600267937407E-5
1.50507894E12,1.195900040329434E-5
1.505079E12,1.185590008390136E-5
1.50507906E12,1.1730099686246831E-5
1.50507912E12,1.1633500434982125E-5
1.50507918E12,1.1575300050026271E-5
1.50507924E12,1.1490100405353587E-5
1.5050793E12,1.1389700375730172E-5
1.50507936E12,1.1297600394755136E-5
1.50507942E12,1.1201999768672977E-5
1.50507948E12,1.112140034820186E-5
1.50507954E12,1.1053500202251598E-5
1.5050796E12,1.097919994208496E-5
1.50507966E12,1.0884699804591946E-5
1.50507972E12,1.0776399903988931E-5
1.50507978E12,1.0672500138753094E-5
1.50507984E12,1.0585999916656874E-5
1.5050799E12,1.0498900337552186E-5
1.50507996E12,1.0424500032968353E-5
1.50508002E12,1.0344299880671315E-5
1.50508008E12,1.0263300282531418E-5
1.50508014E12,1.0192699846811593E-5
1.5050802E12,1.0120899787580129E-5
1.50508026E12,1.0018899956776295E-5
1.50508032E12,9.921570381266065E-6
1.50508038E12,9.82512028713245E-6
1.50508044E12,9.731399586598855E-6
1.5050805E12,9.63790989771951E-6
1.50508056E12,9.575819603924174E-6
1.50508062E12,9.49712011788506E-6
1.50508068E12,9.422759831068106E-6
1.50508074E12,9.321889592683874E-6
1.5050808E12,9.227200280292891E-6
1.50508086E12,9.135110303759575E-6
1.50508092E12,9.055370355781633E-6
1.50508098E12,8.981330211099703E-6
1.50508104E12,8.907520168577321E-6
1.5050811E12,8.815430192044005E-6
1.50508116E12,8.734209586691577E-6
1.50508122E12,8.663650078233331E-6
1.50508128E12,8.58331986819394E-6
1.50508134E12,8.483500096190255E-6
1.5050814E12,8.392459676542785E-6
1.50508146E12,8.310869816341437E-6
1.50508152E12,8.214010449592024E-6
1.50508158E12,8.142799742927309E-6
1.50508164E12,8.091599738691002E-6
1.5050817E12,8.02688009571284E-6
1.50508176E12,7.940539944684133E-6
1.50508182E12,7.854059731471352E-6
1.50508188E12,7.77120021666633E-6
1.50508194E12,7.701250069658272E-6
1.505082E12,7.62882018534583E-6
1.50508206E12,7.562429800600512E-6
1.50508212E12,7.528639798692893E-6
1.50508218E12,7.515749985032016E-6
1.50508224E12,7.46908017390524E-6
1.5050823E12,7.383840056718327E-6
1.50508236E12,7.305529834411573E-6
1.50508242E12,7.231899871840142E-6
1.50508248E12,7.162790097936522E-6
1.50508254E12,7.110850219760323E-6
1.5050826E12,7.073419965308858E-6
1.50508266E12,7.020770226517925E-6
1.50508272E12,6.950129773031222E-6
1.50508278E12,6.9149400587775744E-6
1.50508284E12,6.8760400608880445E-6
1.5050829E12,6.800059964007232E-6
1.50508296E12,6.717009910062188E-6
1.50508302E12,6.6651000452111475E-6
1.50508308E12,6.62673983242712E-6
1.50508314E12,6.58881981507875E-6
1.5050832E12,6.553109869855689E-6
1.50508326E12,6.52524977340363E-6
1.50508332E12,6.497360118373763E-6
1.50508338E12,6.438229775085347E-6
1.50508344E12,6.39137988400762E-6
1.5050835E12,6.366949946823297E-6
1.50508356E12,6.335939815471647E-6
1.50508362E12,6.293680144153768E-6
1.50508368E12,6.2716098909731954E-6
1.50508374E12,6.2721101130591705E-6
1.5050838E12,6.2493600125890225E-6
1.50508386E12,6.198699793458218E-6
1.50508392E12,6.158430096547818E-6
1.50508398E12,6.1484101934183855E-6
1.50508404E12,6.119460067566251E-6
1.5050841E12,6.0984798437857535E-6
1.50508416E12,6.112440132710617E-6
1.50508422E12,6.125429990788689E-6
1.50508428E12,6.080019829823868E-6
1.50508434E12,5.999109816912096E-6
1.5050844E12,5.957000212220009E-6
1.50508446E12,5.941440122114727E-6
1.50508452E12,5.909920218982734E-6
1.50508458E12,5.850440174981486E-6
1.50508464E12,5.802320174552733E-6
1.5050847E12,5.779349976364756E-6
1.50508476E12,5.775259978690883E-6
1.50508482E12,5.762160071753897E-6
1.50508488E12,5.726699782826472E-6
1.50508494E12,5.716849955206271E-6
1.505085E12,5.70462998439325E-6
1.50508506E12,5.697029791917885E-6
1.50508512E12,5.690520083589945E-6
1.50508518E12,5.6706799114181194E-6
1.50508524E12,5.638410129904514E-6
1.5050853E12,5.621589934889926E-6
1.50508536E12,5.637460162688512E-6
1.50508542E12,5.6317198868782725E-6
1.50508548E12,5.5939099183888175E-6
1.50508554E12,5.547909950109897E-6
1.5050856E12,5.5068899200705346E-6
1.50508566E12,5.485000201588264E-6
1.50508572E12,5.47125000593951E-6
1.50508578E12,5.452080131362891E-6
1.50508584E12,5.421140031103278E-6
1.5050859E12,5.3952699090586975E-6
1.50508596E12,5.379679805628257E-6
1.50508602E12,5.355650046112714E-6
1.50508608E12,5.33303000338492E-6
1.50508614E12,5.303430043568369E-6
1.5050862E12,5.275860075926175E-6
1.50508626E12,5.260670150164515E-6
1.50508632E12,5.246190085017588E-6
1.50508638E12,5.225960194366053E-6
1.50508644E12,5.218690148467431E-6
1.5050865E12,5.2174300435581245E-6
1.50508656E12,5.193250217416789E-6
1.50508662E12,5.167500148672843E-6
1.50508668E12,5.154829977982445E-6
1.50508674E12,5.163520199857885E-6
1.5050868E12,5.146329840499675E-6
1.50508686E12,5.117380169394892E-6
1.50508692E12,5.101100214233156E-6
1.50508698E12,5.083949872641824E-6
1.50508704E12,5.058399892732268E-6
1.5050871E12,5.032719855080359E-6
1.50508716E12,5.000360033591278E-6
1.50508722E12,4.971199814463034E-6
1.50508728E12,4.94659980176948E-6
1.50508734E12,4.92646995553514E-6
1.5050874E12,4.911430096399272E-6
1.50508746E12,4.8938200052361935E-6
1.50508752E12,4.870660177402897E-6
1.50508758E12,4.851880021305988E-6
1.50508764E12,4.852300207858207E-6
1.5050877E12,4.831860223930562E-6
1.50508776E12,4.7986300160118844E-6
1.50508782E12,4.7684497985756025E-6
1.50508788E12,4.76771992907743E-6
1.50508794E12,4.7552398427797016E-6
1.505088E12,4.736280061479192E-6
1.50508806E12,4.719599928648677E-6
1.50508812E12,4.703590093413368E-6
1.50508818E12,4.657849785871804E-6
1.50508824E12,4.618740149453515E-6
1.5050883E12,4.587259809341049E-6
1.50508836E12,4.5625401980942115E-6
1.50508842E12,4.540129793895176E-6
1.50508848E12,4.525480107986368E-6
1.50508854E12,4.519240064837504E-6
1.5050886E12,4.5113802116247825E-6
1.50508866E12,4.494720087677706E-6
1.50508872E12,4.473290118767181E-6
1.50508878E12,4.447029823495541E-6
1.50508884E12,4.424889993970282E-6
1.5050889E12,4.402909780765185E-6
1.50508896E12,4.38662982560345E-6
1.50508902E12,4.379429810796864E-6
1.50508908E12,4.379749952931888E-6
1.50508914E12,4.366730081528658E-6
1.5050892E12,4.325309873820515E-6
1.50508926E12,4.294539849070134E-6
1.50508932E12,4.26577980761067E-6
1.50508938E12,4.2429401219123974E-6
1.50508944E12,4.223079940857133E-6
1.5050895E12,4.207250185572775E-6
1.50508956E12,4.190969775663689E-6
1.50508962E12,4.169749900029274E-6
1.50508968E12,4.1390499063709285E-6
1.50508974E12,4.126649855606956E-6
1.5050898E12,4.1014600355993025E-6
1.50508986E12,4.060169885633513E-6
1.50508992E12,4.0336699385079555E-6
1.50508998E12,4.020489996037213E-6
1.50509004E12,4.0186500882555265E-6
1.5050901E12,4.035379788547289E-6
1.50509016E12,4.037370217702119E-6
1.50509022E12,4.0218901631305926E-6
1.50509028E12,4.009330041299108E-6
1.50509034E12,3.97196981793968E-6
1.5050904E12,3.9340898183581885E-6
1.50509046E12,3.900780029653106E-6
1.50509052E12,3.871569788316265E-6
1.50509058E12,3.841929810732836E-6
1.50509064E12,3.816030130110448E-6
1.5050907E12,3.7895199511694955E-6
1.50509076E12,3.775049890464288E-6
1.50509082E12,3.7459199120348785E-6
1.50509088E12,3.723310101122479E-6
1.50509094E12,3.694359975270345E-6
1.505091E12,3.6575199828803306E-6
1.50509106E12,3.625799990913947E-6
1.50509112E12,3.606530071920133E-6
1.50509118E12,3.5961300000053598E-6
1.50509124E12,3.587299943319522E-6
1.5050913E12,3.5690800359589048E-6
1.50509136E12,3.5543400827009464E-6
1.50509142E12,3.532390110194683E-6
1.50509148E12,3.5034099710173905E-6
1.50509154E12,3.4770800994010642E-6
1.5050916E12,3.451069915172411E-6
1.50509166E12,3.424260057727224E-6
1.50509172E12,3.3972999062825693E-6
1.50509178E12,3.372879973539966E-6
1.50509184E12,3.349719918332994E-6
1.5050919E12,3.32511990563944E-6
1.50509196E12,3.3044000247173244E-6
1.50509202E12,3.2859800285223173E-6
1.50509208E12,3.268040018156171E-6
1.50509214E12,3.2414500310551375E-6
1.5050922E12,3.2130499221239006E-6
1.50509226E12,3.1880799724604003E-6
1.50509232E12,3.172430069753318E-6
1.50509238E12,3.1636500352760777E-6
1.50509244E12,3.1457200293516507E-6
1.5050925E12,3.108649934802088E-6
1.50509256E12,3.0977100777818123E-6
1.50509262E12,3.0884500574757112E-6
1.50509268E12,3.069669901378802E-6
1.50509274E12,3.0550099836545996E-6
1.5050928E12,3.0288099424069514E-6
1.50509286E12,3.0070700631767977E-6
1.50509292E12,2.9819200335623464E-6
1.50509298E12,2.958410050268867E-6
1.50509304E12,2.933589939857484E-6
1.5050931E12,2.9126299523341004E-6
1.50509316E12,2.8962599571968894E-6
1.50509322E12,2.8726399250444956E-6
1.50509328E12,2.8506699436547933E-6
1.50509334E12,2.8323099741101032E-6
1.5050934E12,2.819190058289678E-6
1.50509346E12,2.8033000489813276E-6
1.50509352E12,2.781830062303925E-6
1.50509358E12,2.7714299903891515E-6
1.50509364E12,2.756690037131193E-6
1.5050937E12,2.7472799501992995E-6
1.50509376E12,2.7322600999468705E-6
1.50509382E12,2.711140041355975E-6
1.50509388E12,2.6890299977821996E-6
1.50509394E12,2.6630600586941E-6
1.505094E12,2.6433399398229085E-6
1.50509406E12,2.6285899821232306E-6
1.50509412E12,2.6133100163860945E-6
1.50509418E12,2.593320004962152E-6
1.50509424E12,2.5746398932824377E-6
1.5050943E12,2.5674501102912473E-6
1.50509436E12,2.5601200377423083E-6
1.50509442E12,2.541150024626404E-6
1.50509448E12,2.5190599899360677E-6
1.50509454E12,2.4986100015667034E-6
1.5050946E12,2.485410050212522E-6
1.50509466E12,2.4694500098121352E-6
1.50509472E12,2.4448800104437396E-6
1.50509478E12,2.4381899947911734E-6
1.50509484E12,2.4263399609480985E-6
1.5050949E12,2.416119968984276E-6
1.50509496E12,2.405440000075032E-6
1.50509502E12,2.3977499949978665E-6
1.50509508E12,2.3885299924586434E-6
1.50509514E12,2.3710699679213576E-6
1.5050952E12,2.3554200652142754E-6
1.50509526E12,2.339510047022486E-6
1.50509532E12,2.3248499019246083E-6
1.50509538E12,2.308930106664775E-6
1.50509544E12,2.299899961144547E-6
1.5050955E12,2.2870399334351532E-6
1.50509556E12,2.272380015710951E-6
1.50509562E12,2.2645099306828342E-6
1.50509568E12,2.258100039398414E-6
1.50509574E12,2.2349299797497224E-6
1.5050958E12,2.2120500489108963E-6
1.50509586E12,2.1934799860900966E-6
1.50509592E12,2.1810199086758075E-6
1.50509598E12,2.1708899566874607E-6
1.50509604E12,2.1560599634540267E-6
1.5050961E12,2.1459200070239604E-6
1.50509616E12,2.127739890056546E-6
1.50509622E12,2.1147200186533155E-6
1.50509628E12,2.1094499516038923E-6
1.50509634E12,2.0939100977557246E-6
1.5050964E12,2.08332994589E-6
1.50509646E12,2.0746499558299547E-6
1.50509652E12,2.0589000087056775E-6
1.50509658E12,2.0427999061212176E-6
1.50509664E12,2.028920107477461E-6
1.5050967E12,2.0226300421199994E-6
1.50509676E12,2.015940026467433E-6
1.50509682E12,2.0016400412714574E-6
1.50509688E12,1.9920200884371297E-6
1.50509694E12,1.98491011360602E-6
1.505097E12,1.970350012925337E-6
1.50509706E12,1.957479980774224E-6
1.50509712E12,1.9450199033599347E-6
1.50509718E12,1.9323499600432115E-6
1.50509724E12,1.917790086736204E-6
1.5050973E12,1.9106100808130577E-6
1.50509736E12,1.8874900433729636E-6
1.50509742E12,1.8788000488711987E-6
1.50509748E12,1.865140006884758E-6
1.50509754E12,1.8589900037113694E-6
1.5050976E12,1.856369976849237E-6
1.50509766E12,1.836899969021033E-6
1.50509772E12,1.8271499584443518E-6
1.50509778E12,1.8201900502390345E-6
1.50509784E12,1.8161199477617629E-6
1.5050979E12,1.8076000287692295E-6
1.50509796E12,1.8058100295093027E-6
1.50509802E12,1.799930032575503E-6
1.50509808E12,1.7902000308822608E-6
1.50509814E12,1.7738700535119278E-6
1.5050982E12,1.7574999446878792E-6
1.50509826E12,1.7496299733466003E-6
1.50509832E12,1.7497200133220758E-6
1.50509838E12,1.7427599914299208E-6
1.50509844E12,1.7332599782093894E-6
1.5050985E12,1.7305700339420582E-6
1.50509856E12,1.7278299537792918E-6
1.50509862E12,1.7380499457431142E-6
1.50509868E12,1.7665099676378304E-6
1.50509874E12,1.7907899518831982E-6
1.5050988E12,1.7828300542532816E-6
1.50509886E12,1.760560053298832E-6
1.50509892E12,1.7388699689036002E-6
1.50509898E12,1.7188799574796576E-6
1.50509904E12,1.7281899999943562E-6
1.5050991E12,1.844680014073674E-6
1.50509916E12,1.9568699372030096E-6
1.50509922E12,1.955959987753886E-6
1.50509928E12,1.8838500182027929E-6
1.50509934E12,1.814490019569348E-6
1.5050994E12,1.7621099459574907E-6
1.50509946E12,1.7039500335158664E-6
1.50509952E12,1.6813399952297914E-6
1.50509958E12,1.6787099639259395E-6
1.50509964E12,1.6867600152181694E-6
1.5050997E12,1.7017999880408752E-6
1.50509976E12,1.710650053610152E-6
1.50509982E12,1.716159999887168E-6
1.50509988E12,1.7247999721803353E-6
1.50509994E12,1.7305500250586192E-6
1.5051E12,1.7414899957657326E-6
1.50510006E12,1.7365199482810567E-6
1.50510012E12,1.7295200223088614E-6
1.50510018E12,1.7168000567835406E-6
1.50510024E12,1.7025899978762027E-6
1.5051003E12,1.6938399767241208E-6
1.50510036E12,1.6837800558278104E-6
1.50510042E12,1.6670400100338156E-6
1.50510048E12,1.6590399809501832E-6
1.50510054E12,1.6565500118304044E-6
1.5051006E12,1.6511199874003069E-6
1.50510066E12,1.6444299717477406E-6
1.50510072E12,1.6318499547196552E-6
1.50510078E12,1.6240800277955714E-6
1.50510084E12,1.6172000414371723E-6
1.5051009E12,1.6152299622262944E-6
1.50510096E12,1.6149399471032666E-6
1.50510102E12,1.6163900227184058E-6
1.50510108E12,1.613659946997359E-6
1.50510114E12,1.5991099644452333E-6
1.5051012E12,1.594229956936033E-6
1.50510126E12,1.5886199662418221E-6
1.50510132E12,1.5804299664523569E-6
1.50510138E12,1.5693500472480082E-6
1.50510144E12,1.560219970997423E-6
1.5051015E12,1.556560050630651E-6
1.50510156E12,1.5531600183749106E-6
1.50510162E12,1.5481799664485152E-6
1.50510168E12,1.5424000139319105E-6
1.50510174E12,1.5390700127682067E-6
1.5051018E12,1.5383200206997572E-6
1.50510186E12,1.5263799468812067E-6
1.50510192E12,1.5230699546009419E-6
1.50510198E12,1.5157099824136822E-6
1.50510204E12,1.5077499710969278E-6
1.5051021E12,1.5027800372990896E-6
1.50510216E12,1.498890014772769E-6
1.50510222E12,1.497350012868992E-6
1.50510228E12,1.4961699434934417E-6
1.50510234E12,1.4901900158292847E-6
1.5051024E12,1.4869500546410563E-6
1.50510246E12,1.4798899883317063E-6
1.50510252E12,1.4757599728909554E-6
1.50510258E12,1.4690300531583489E-6
1.50510264E12,1.4675000556962914E-6
1.5051027E12,1.4660599845228717E-6
1.50510276E12,1.4629699762735981E-6
1.50510282E12,1.4580899687643978E-6
1.50510288E12,1.4597200106436503E-6
1.50510294E12,1.4577500451196101E-6
1.505103E12,1.4573699900211068E-6
1.50510306E12,1.4629699762735981E-6
1.50510312E12,1.470079951104708E-6
1.50510318E12,1.474100031373382E-6
1.50510324E12,1.4709299875903525E-6
1.5051033E12,1.4634299532190198E-6
1.50510336E12,1.4560999943569186E-6
1.50510342E12,1.4526599443343002E-6
1.50510348E12,1.4533900412061485E-6
1.50510354E12,1.4495300320049864E-6
1.5051036E12,1.4391799822988105E-6
1.50510366E12,1.4396399592442322E-6
1.50510372E12,1.4240799828257877E-6
1.50510378E12,1.4162100114845089E-6
1.50510384E12,1.4146700095807319E-6
1.5051039E12,1.4089699789110455E-6
1.50510396E12,1.3996000234328676E-6
1.50510402E12,1.3963100400360418E-6
1.50510408E12,1.390430043102242E-6
1.50510414E12,1.3891100252294564E-6
1.5051042E12,1.3890700074625784E-6
1.50510426E12,1.3921500112701324E-6
1.50510432E12,1.4009100368639338E-6
1.50510438E12,1.4023700032339548E-6
1.50510444E12,1.3946799981567892E-6
1.5051045E12,1.396760012539744E-6
1.50510456E12,1.3917300520915887E-6
1.50510462E12,1.3832800505042542E-6
1.50510468E12,1.3675399941348587E-6
1.50510474E12,1.354659957542026E-6
1.5051048E12,1.348370005871402E-6
1.50510486E12,1.3482799658959266E-6
1.50510492E12,1.343729991276632E-6
1.50510498E12,1.3303599644132191E-6
1.50510504E12,1.3247599781607278E-6
1.5051051E12,1.3210500355853583E-6
1.50510516E12,1.3070000477455324E-6
1.50510522E12,1.3062999641988426E-6
1.50510528E12,1.3055799854555517E-6
1.50510534E12,1.2979900247955811E-6
1.5051054E12,1.2893000302938162E-6
1.50510546E12,1.2867600389654399E-6
1.50510552E12,1.2877600283900392E-6
1.50510558E12,1.274910005122365E-6
1.50510564E12,1.2743699926431873E-6
1.5051057E12,1.2716600394924171E-6
1.50510576E12,1.2641500006793649E-6
1.50510582E12,1.2646900131585426E-6
1.50510588E12,1.2560100230984972E-6
1.50510594E12,1.2478900544010685E-6
1.505106E12,1.2392699773045024E-6
1.50510606E12,1.2226299759277026E-6
1.50510612E12,1.216030000250612E-6
1.50510618E12,1.209680021929671E-6
1.50510624E12,1.2067099532941938E-6
1.5051063E12,1.203359943247051E-6
1.50510636E12,1.2023300541841309E-6
1.50510642E12,1.1966700412813225E-6
1.50510648E12,1.1941400543946656E-6
1.50510654E12,1.184930056297162E-6
1.5051066E12,1.1757699667214183E-6
1.50510666E12,1.165999947261298E-6
1.50510672E12,1.158500026576803E-6
1.50510678E12,1.1488200470921583E-6
1.50510684E12,1.1483699609016185E-6
1.5051069E12,1.1412199683036306E-6
1.50510696E12,1.1321200190650416E-6
1.50510702E12,1.1347999588906532E-6
1.50510708E12,1.133710043177416E-6
1.50510714E12,1.1272200026724022E-6
1.5051072E12,1.117429974328843E-6
1.50510726E12,1.1123599961138098E-6
1.50510732E12,1.1069399761254317E-6
1.50510738E12,1.1057099982281215E-6
1.50510744E12,1.0969899904011982E-6
1.5051075E12,1.0944499990728218E-6
1.50510756E12,1.0856899734790204E-6
1.50510762E12,1.0797100458148634E-6
1.50510768E12,1.073109956450935E-6
1.50510774E12,1.0635200169417658E-6
1.5051078E12,1.0618999795042328E-6
1.50510786E12,1.0540200037212344E-6
1.50510792E12,1.0501299811949139E-6
1.50510798E12,1.04310004189756E-6
1.50510804E12,1.0380999810877256E-6
1.5051081E12,1.0359300404161331E-6
1.50510816E12,1.0280599553880165E-6
1.50510822E12,1.0223600384051679E-6
1.50510828E12,1.01964997156756E-6
1.50510834E12,1.0119599664903944E-6
1.5051084E12,1.0083899724122602E-6
1.50510846E12,1.0034500519395806E-6
1.50510852E12,9.888899512588978E-7
1.50510858E12,9.88100055110408E-7
1.50510864E12,9.847290129982866E-7
1.5051087E12,9.81111043074634E-7
1.50510876E12,9.801429996514344E-7
1.50510882E12,9.729700423122267E-7
1.50510888E12,9.677239631855628E-7
1.50510894E12,9.634719617679366E-7
1.505109E12,9.582829534338089E-7
1.50510906E12,9.497230166743975E-7
1.50510912E12,9.439330028726545E-7
1.50510918E12,9.431549869987066E-7
1.50510924E12,9.479139748691523E-7
1.5051093E12,9.399529972142773E-7
1.50510936E12,9.279410164708679E-7
1.50510942E12,9.17338979888882E-7
1.50510948E12,9.139019994108821E-7
1.50510954E12,9.101029831981577E-7
1.5051096E12,9.041569910550606E-7
1.50510966E12,8.994289828478941E-7
1.50510972E12,8.929159776016604E-7
1.50510978E12,8.864059850566264E-7
1.50510984E12,8.782619715930196E-7
1.5051099E12,8.807950280242949E-7
1.50510996E12,8.824230235404684E-7
1.50511002E12,8.721530093680485E-7
1.50511008E12,8.684020258442615E-7
1.50511014E12,8.659599757265823E-7
1.5051102E12,8.59998976920906E-7
1.50511026E12,8.474160040350398E-7
1.50511032E12,8.294150006804557E-7
1.50511038E12,8.353400176019932E-7
1.50511044E12,8.305909773298481E-7
1.5051105E12,8.27967994609935E-7
1.50511056E12,8.178370194400486E-7
1.50511062E12,8.154029842444288E-7
1.50511068E12,8.105100164357282E-7
1.50511074E12,8.02369015673321E-7
1.5051108E12,8.04385990704759E-7
1.50511086E12,8.043589900808001E-7
1.50511092E12,8.034539860091172E-7
1.50511098E12,7.908320185379125E-7
1.50511104E12,7.868999887250538E-7
1.5051111E12,7.814729769961559E-7
1.50511116E12,7.842770060051407E-7
1.50511122E12,7.81301025654102E-7
1.50511128E12,7.760460221106769E-7
1.50511134E12,7.707989766458923E-7
1.5051114E12,7.704579729761463E-7
1.50511146E12,7.69442010550847E-7
1.50511152E12,7.633819905095152E-7
1.50511158E12,7.613650154780771E-7
1.50511164E12,7.574120104436588E-7
1.5051117E12,7.544260256509006E-7
1.50511176E12,7.489990139220026E-7
1.50511182E12,7.513090167776681E-7
1.50511188E12,7.502649737034517E-7
1.50511194E12,7.470089826711046E-7
1.505112E12,7.430890036630444E-7
1.50511206E12,7.400440154015087E-7
1.50511212E12,7.331689744205505E-7
1.50511218E12,7.253900093928678E-7
1.50511224E12,7.219280178105691E-7
1.5051123E12,7.221329951789812E-7
1.50511236E12,7.153490173550381E-7
1.50511242E12,7.09599021320173E-7
1.50511248E12,7.072080165926309E-7
1.50511254E12,6.982530180721369E-7
1.5051126E12,6.930729909981892E-7
1.50511266E12,7.003329756116727E-7
1.50511272E12,6.957200184842804E-7
1.50511278E12,6.877600071675261E-7
1.50511284E12,6.77508012358885E-7
1.5051129E12,6.747339966750587E-7
1.50511296E12,6.736490263392625E-7
1.50511302E12,6.687640166092024E-7
1.50511308E12,6.638790068791423E-7
1.50511314E12,6.536579917337804E-7
1.5051132E12,6.528500193780928E-7
1.50511326E12,6.531150233968219E-7
1.50511332E12,6.479589842456335E-7
1.50511338E12,6.491350177384447E-7
1.50511344E12,6.436679882426688E-7
1.5051135E12,6.477779947999807E-7
1.50511356E12,6.447020268751658E-7
1.50511362E12,6.408699846360832E-7
1.50511368E12,6.373750238708453E-7
1.50511374E12,6.325810204543814E-7
1.5051138E12,6.335250191114028E-7
1.50511386E12,6.322189847196569E-7
1.50511392E12,6.317670226962946E-7
1.50511398E12,6.234449756448157E-7
1.50511404E12,6.204959959177359E-7
1.5051141E12,6.202790245879441E-7
1.50511416E12,6.238070113795402E-7
1.50511422E12,6.221579837983882E-7
1.50511428E12,6.157559937491897E-7
1.50511434E12,6.202790245879441E-7
1.5051144E12,6.219980264177138E-7
1.50511446E12,6.151619800220942E-7
1.50511452E12,6.114140091995068E-7
1.50511458E12,6.102379757066956E-7
1.50511464E12,6.056309871382837E-7
1.5051147E12,6.023690275469562E-7
1.50511476E12,5.990219733575941E-7
1.50511482E12,5.986360065435292E-7
1.50511488E12,5.999260110911564E-7
1.50511494E12,5.960370117463754E-7
1.505115E12,5.948609782535641E-7
1.50511506E12,5.9347701153456E-7
1.50511512E12,5.862669922862551E-7
1.50511518E12,5.823779929414741E-7
1.50511524E12,5.793989998892357E-7
1.5051153E12,5.813830057377345E-7
1.50511536E12,5.740560027334141E-7
1.50511542E12,5.726660106120107E-7
1.50511548E12,5.653719767906296E-7
1.50511554E12,5.635629918288032E-7
1.5051156E12,5.644669727189466E-7
1.50511566E12,5.620850060950033E-7
1.50511572E12,5.607590196632373E-7
1.50511578E12,5.519839874068566E-7
1.50511584E12,5.515050247595354E-7
1.5051159E12,5.535219997909735E-7
1.50511596E12,5.505369813363359E-7
1.50511602E12,5.563139779951598E-7
1.50511608E12,5.458330178953474E-7
1.50511614E12,5.410390144788835E-7
1.5051162E12,5.444759949568834E-7
1.50511626E12,5.48006994449679E-7
1.50511632E12,5.414909765022458E-7
1.50511638E12,5.356120027499855E-7
1.50511644E12,5.360279828892089E-7
1.5051165E12,5.335310220289102E-7
1.50511656E12,5.327170242708235E-7
1.50511662E12,5.352500238586799E-7
1.50511668E12,5.287699877953855E-7
1.50511674E12,5.278320145407633E-7
1.5051168E12,5.158020144335751E-7
1.50511686E12,5.174899797566468E-7
1.50511692E12,5.235809794612578E-7
1.50511698E12,5.243949772193446E-7
1.50511704E12,5.232610078564903E-7
1.5051171E12,5.220430239205598E-7
1.50511716E12,5.239430151959823E-7
1.50511722E12,5.136309937370243E-7
1.50511728E12,5.083959990770381E-7
1.50511734E12,5.035900016991945E-7
1.5051174E12,5.012379915569909E-7
1.50511746E12,4.998270242140279E-7
1.50511752E12,4.977100047653948E-7
1.50511758E12,4.93368020215712E-7
1.50511764E12,4.928319867758546E-7
1.5051177E12,4.875789727520896E-7
